City_ID,City,Lat,Lng,Max Temp,Humidity,Cloudiness,Wind Speed,Country,Date
0,tiksi,71.6872,128.8694,245.59,97,64,3.05,RU,1739127333
1,bonthe,7.5264,-12.505,300.37,73,6,4.45,SL,1739127334
2,stanley,54.868,-1.6985,277.33,89,75,3.6,GB,1739127336
3,keflavik,64.0049,-22.5624,279.39,93,100,11.83,IS,1739127337
4,port-aux-francais,-49.35,70.2167,280.98,94,94,14.95,TF,1739127338
5,bestobe,52.4994,73.0975,260.79,97,50,3.57,KZ,1739127339
6,albany,42.6001,-73.9662,273.31,70,100,1.79,US,1739127340
7,sitka,57.0531,-135.33,275.09,93,100,0.0,US,1739127341
8,prince rupert,54.3161,-130.3201,271.98,86,0,5.14,CA,1739127342
9,eirunepe,-6.6603,-69.8736,302.1,77,60,1.11,BR,1739127344
10,hawaiian paradise park,19.5933,-154.9731,296.43,89,100,2.05,US,1739127345
11,waitangi,-43.9535,-176.5597,289.16,94,22,0.89,NZ,1739127346
12,adamstown,-25.066,-130.1015,298.2,78,87,2.26,PN,1739127347
13,khandyga,62.6667,135.6,229.15,100,76,0.8,RU,1739127348
14,villemandeur,47.987,2.718,279.34,87,100,3.08,FR,1739127349
15,whitehorse,60.7161,-135.0538,256.58,84,100,1.54,CA,1739127350
16,saldanha,-33.0117,17.9442,290.9,74,0,11.86,ZA,1739127351
17,chibougamau,49.9168,-74.3659,255.94,66,100,2.06,CA,1739127353
18,newport,51.5877,-2.9984,280.62,86,100,10.78,GB,1739127174
19,blackmans bay,-43.0167,147.3167,285.11,81,100,2.45,AU,1739127355
20,bardai,11.65,7.2333,297.88,15,8,4.12,NG,1739127356
21,papatowai,-46.5619,169.4708,284.81,77,92,0.63,NZ,1739127357
22,saipan,15.1355,145.701,298.54,90,75,5.66,MP,1739127358
23,fiambala,-27.6871,-67.6149,306.41,19,9,5.88,AR,1739127359
24,amga,60.8953,131.9608,230.9,100,91,0.32,RU,1739127360
25,puerto natales,-51.7236,-72.4875,289.4,39,75,5.66,CL,1739127362
26,port alfred,-33.5906,26.891,293.25,87,87,4.16,ZA,1739127363
27,ushuaia,-54.8,-68.3,283.96,54,75,5.14,AR,1739127282
28,antofagasta,-23.65,-70.4,297.75,70,42,3.03,CL,1739127365
29,natal,-5.795,-35.2094,304.27,62,75,8.23,BR,1739127196
30,fedorovskiy,45.0972,40.9517,268.26,79,0,4.67,RU,1739127368
31,sambava,-14.2667,50.1667,299.96,86,100,2.11,MG,1739127369
32,west island,-12.1568,96.8225,300.14,94,75,8.23,CC,1739127370
33,bethel,41.3712,-73.414,274.2,76,100,2.06,US,1739127371
34,margaret river,-33.95,115.0667,293.47,85,100,4.9,AU,1739127373
35,kayangel,8.0823,134.7173,300.74,79,100,9.81,PW,1739127374
36,rawson,-43.3002,-65.1023,305.31,15,0,6.17,AR,1739127375
37,grytviken,-54.2811,-36.5092,276.25,67,23,1.3,GS,1739127377
38,kendari,-3.945,122.4989,297.16,95,100,1.08,ID,1739127378
39,aswan,24.0934,32.907,291.76,27,0,2.06,EG,1739127254
40,hithadhoo,-0.6,73.0833,301.39,72,4,5.17,MV,1739127380
41,badger,64.8,-147.5333,248.7,80,0,1.54,US,1739127381
42,mar del plata,-38.0023,-57.5575,295.9,65,0,5.66,AR,1739127092
43,isangel,-19.55,169.2667,298.7,89,100,0.76,VU,1739127383
44,altamont,42.2068,-121.7372,269.7,87,100,1.54,US,1739127385
45,alaghsas,17.0187,8.0168,300.09,17,4,6.69,NE,1739127386
46,buulobarde,3.8538,45.5674,297.79,67,28,7.6,SO,1739127387
47,nadi,-17.8,177.4167,297.15,94,40,0.0,FJ,1739127388
48,fortuna,40.5982,-124.1573,280.92,77,0,0.45,US,1739127389
49,jonesborough,36.2943,-82.4735,286.08,62,7,1.48,US,1739127390
50,nar'yan-mar,67.6713,53.087,266.52,92,98,7.7,RU,1739127333
51,hadibu,12.65,54.0333,297.37,79,27,2.32,YE,1739127392
52,hamilton,39.1834,-84.5333,276.38,68,100,2.06,US,1739126655
53,hermanus,-34.4187,19.2345,292.48,64,0,6.24,ZA,1739127395
54,canutama,-6.5339,-64.3831,301.27,71,91,1.44,BR,1739127253
55,carnarvon,-24.8667,113.6333,298.04,72,100,9.62,AU,1739127397
56,chilecito,-29.1619,-67.4974,308.95,20,7,3.88,AR,1739127398
57,levuka,50.1834,-105.4011,258.0,78,40,9.77,CA,1739127399
58,invercargill,-46.4,168.35,284.83,88,52,0.36,NZ,1739127400
59,ocean acres,39.7435,-74.281,278.03,68,93,2.68,US,1739127401
60,longyearbyen,78.2186,15.6401,266.06,63,75,6.17,SJ,1739127403
61,edinburgh of the seven seas,-37.0676,-12.3116,289.08,70,5,1.55,SH,1739127404
62,wailua homesteads,22.0669,-159.378,293.78,94,0,2.06,US,1739127405
63,iqaluit,63.7506,-68.5145,249.09,76,100,6.17,CA,1739127406
64,tenenkou,14.4572,-4.9169,303.4,12,9,4.57,ML,1739127407
65,la'ie,21.6477,-157.9253,295.43,81,6,4.36,US,1739127408
66,flying fish cove,-10.4217,105.6791,298.97,94,75,3.09,CX,1739127409
67,port mathurin,-19.6833,63.4167,300.89,81,82,5.95,MU,1739127410
68,punta arenas,-53.15,-70.9167,288.21,41,40,10.8,CL,1739127347
69,ola,59.5833,151.2833,246.18,87,13,4.26,RU,1739127413
70,svobodnyy,51.4,128.1333,253.71,94,100,1.8,RU,1739127414
71,guerrero negro,27.9769,-114.0611,293.62,54,1,0.76,MX,1739127132
72,daru,-9.0763,143.2092,298.43,87,100,2.19,PG,1739127416
73,olonkinbyen,70.9221,-8.7187,265.84,66,100,5.01,SJ,1739127417
74,rifle,39.5347,-107.7831,278.92,41,0,0.89,US,1739127418
75,mugia,43.1041,-9.2179,288.1,89,100,6.95,ES,1739127419
76,qaqortoq,60.7167,-46.0333,271.06,92,100,4.07,GL,1739127421
77,kulhudhuffushi,6.6221,73.07,300.43,67,95,3.18,MV,1739127422
78,virar,19.4667,72.8,298.49,42,0,2.08,IN,1739127423
79,labuan bajo,-8.4964,119.8877,299.25,86,100,0.54,ID,1739127425
80,sao joao da barra,-21.6403,-41.0511,305.2,80,100,4.74,BR,1739127427
81,klyuchi,52.2667,79.1667,262.0,97,99,3.96,RU,1739127428
82,island harbour,50.724,-1.2758,279.19,88,100,3.13,GB,1739127430
83,celestun,20.8667,-90.4,302.59,57,3,4.35,MX,1739127431
84,kingston,17.997,-76.7936,304.91,55,20,4.12,JM,1739127432
85,mangalam,9.7667,78.6667,296.67,80,0,3.33,IN,1739127433
86,kangiwa,12.5521,3.8187,302.36,14,96,4.22,NG,1739127435
87,walvis bay,-22.9575,14.5053,292.24,75,61,4.15,NA,1739127436
88,nuuk,64.1835,-51.7216,266.49,93,100,6.17,GL,1739127438
89,pacific grove,36.6177,-121.9166,285.61,70,0,4.47,US,1739127439
90,myitkyina,25.3833,97.4,289.5,67,18,0.58,MM,1739127440
91,la mana,-0.9333,-79.2167,297.6,96,100,0.95,EC,1739127442
92,ilulissat,69.2167,-51.1,255.72,97,100,3.17,GL,1739127444
93,sinop,41.7711,34.8709,271.66,98,99,1.27,TR,1739127445
94,saint-joseph,-21.3667,55.6167,299.36,85,38,4.97,RE,1739127446
95,bilibino,68.0546,166.4372,248.74,93,100,1.79,RU,1739127447
96,portland,45.5234,-122.6762,279.16,92,75,1.79,US,1739127250
97,ulladulla,-35.35,150.4667,292.91,92,84,4.75,AU,1739127450
98,east london,-33.0153,27.9116,294.65,76,100,3.2,ZA,1739127243
99,tommot,58.9564,126.2925,234.48,98,63,0.59,RU,1739127452
100,tolanaro,-25.0319,46.9987,300.19,78,20,4.12,MG,1739127453
101,igra,57.5558,53.0547,259.02,100,100,0.93,RU,1739127454
102,haiku-pauwela,20.9219,-156.3051,296.6,73,24,5.36,US,1739127455
103,salemi,37.8231,12.8056,280.98,92,63,1.4,IT,1739127456
104,stephenville,32.2207,-98.2023,280.22,68,100,5.66,US,1739127458
105,minas de marcona,-15.2119,-75.1103,291.64,86,99,2.19,PE,1739127459
106,puerto leguizamo,-0.1934,-74.7819,304.57,53,89,1.18,CO,1739127460
107,berdigestyakh,62.0989,126.6992,234.79,100,86,1.59,RU,1739127461
108,mount isa,-20.7333,139.5,297.02,94,20,1.54,AU,1739127462
109,pandan,14.0453,124.1694,298.13,88,100,8.3,PH,1739127463
110,geraldton,-28.7667,114.6,296.38,60,100,3.6,AU,1739127464
111,the pas,53.8251,-101.2541,255.16,60,100,4.12,CA,1739127465
112,marsa alam,25.0757,34.8918,290.54,58,99,4.36,EG,1739127467
113,nema,57.5067,50.5011,268.39,94,100,1.2,RU,1739127468
114,pisco,-13.7,-76.2167,299.18,78,20,3.09,PE,1739127469
115,banda aceh,5.5577,95.3222,298.77,73,94,4.38,ID,1739127470
116,luderitz,-26.6481,15.1594,293.67,58,0,11.72,NA,1739127471
117,susuman,62.7833,148.1667,228.72,99,81,0.2,RU,1739127472
118,jamestown,42.097,-79.2353,270.38,91,100,7.2,US,1739127254
119,nelson bay,-32.7167,152.15,296.53,88,100,1.79,AU,1739127474
120,sergeyevka,53.88,67.4158,259.87,98,71,2.48,KZ,1739127476
121,georgetown,5.4112,100.3354,301.11,78,20,2.24,MY,1739127477
122,chonchi,-42.6128,-73.8092,296.58,49,85,1.41,CL,1739127478
123,argo,37.6333,22.7333,277.37,70,11,1.84,GR,1739127479
124,fairmont,39.4851,-80.1426,274.48,72,100,0.89,US,1739127407
125,kimbe,-5.5502,150.1429,297.82,91,100,0.71,PG,1739127481
126,vadso,70.0744,29.7487,271.24,74,0,7.2,NO,1739127482
127,al mijlad,11.0333,27.7333,299.13,13,48,5.0,SD,1739127483
128,college,64.8569,-147.8028,248.75,77,0,1.54,US,1739127485
129,vorgashor,67.5833,63.95,268.57,94,100,8.03,RU,1739127486
130,kachug,53.9606,105.8817,255.96,98,100,0.92,RU,1739127487
131,serenje,-13.2325,30.2352,290.4,92,83,0.52,ZM,1739127488
132,mokhsogollokh,61.4681,128.9203,232.07,100,98,0.66,RU,1739127489
133,port lincoln,-34.7333,135.8667,292.46,80,38,8.06,AU,1739127490
134,kununurra,-15.7667,128.7333,298.14,100,100,2.57,AU,1739127492
135,pyhaselka,62.4333,29.9667,268.29,89,100,2.42,FI,1739127493
136,kodiak,57.79,-152.4072,276.88,93,100,12.35,US,1739127494
137,yellowknife,62.456,-114.3525,244.49,79,20,4.12,CA,1739127495
138,macomb,40.4592,-90.6718,270.12,63,0,3.13,US,1739127288
139,labrador city,52.9463,-66.9114,252.1,59,75,3.6,CA,1739127497
140,mejit,10.2753,170.8646,299.83,84,11,7.63,MH,1739127498
141,st. john's,47.5649,-52.7093,271.64,71,100,4.63,CA,1739127440
142,arraial do cabo,-22.9661,-42.0278,304.13,74,20,7.2,BR,1739127501
143,kendallville,41.4414,-85.265,270.93,74,100,3.6,US,1739127396
144,umm ruwaba,12.9061,31.2158,296.76,15,100,4.67,SD,1739127503
145,mbanza kongo,-6.267,14.2401,295.73,94,100,0.45,AO,1739127504
146,vernon,50.2581,-119.2691,264.22,71,65,1.03,CA,1739127505
147,avarua,-21.2078,-159.775,299.18,94,75,2.06,CK,1739127506
148,talnakh,69.4865,88.3972,254.79,99,98,2.34,RU,1739127507
149,selfoss,63.9331,-20.9971,279.29,94,100,8.76,IS,1739127509
150,raahe,64.6833,24.4833,269.79,91,6,7.67,FI,1739127510
151,vilyuchinsk,52.9306,158.4028,268.3,75,36,4.24,RU,1739127512
152,tandil,-37.3217,-59.1332,307.11,8,37,4.24,AR,1739127515
153,viqueque,-8.8673,126.3658,298.93,85,100,3.42,TL,1739127516
154,cuyamel,15.6667,-88.2,299.37,82,100,2.64,HN,1739127517
155,baotou,40.6522,109.8222,264.14,33,0,1.0,CN,1739127518
156,atafu village,-8.5421,-172.5159,301.65,73,31,6.3,TK,1739127519
157,petropavlovsk-kamchatsky,53.0452,158.6483,267.48,58,40,2.0,RU,1739127520
158,faya-largeau,17.9257,19.1043,297.69,15,0,5.35,TD,1739127521
159,parambu,-6.2111,-40.6944,302.12,52,100,1.45,BR,1739127522
160,kapuskasing,49.4169,-82.4331,262.15,44,75,1.54,CA,1739127242
161,erenhot,43.6475,111.9767,257.75,83,4,2.28,CN,1739127525
162,ust-nera,64.5667,143.2,231.11,99,75,1.14,RU,1739127527
163,uige,-7.6087,15.0613,294.26,93,100,0.39,AO,1739127528
164,laibin,23.7,109.2667,284.52,33,86,1.37,CN,1739127529
165,rongelap,11.1635,166.8941,299.44,76,10,7.3,MH,1739127530
166,laguna,38.421,-121.4238,282.65,58,0,3.09,US,1739127531
167,kavaratti,10.5669,72.642,300.11,72,53,3.24,IN,1739127533
168,grand falls-windsor,48.9332,-55.6649,266.76,63,100,0.45,CA,1739127534
169,andovoranto,-18.95,49.1,299.43,84,17,0.62,MG,1739127535
170,gweru,-19.45,29.8167,289.75,97,98,1.95,ZW,1739127536
171,pontevedra,42.431,-8.6444,287.67,95,100,1.45,ES,1739127493
172,dudinka,69.4058,86.1778,254.3,100,100,1.89,RU,1739127538
173,okahandja,-21.9833,16.9167,298.33,52,58,2.79,NA,1739127539
174,portales,34.1862,-103.3344,279.32,38,1,2.69,US,1739127540
175,paphos,34.7667,32.4167,283.03,76,75,2.57,CY,1739127542
176,lupane,-18.9315,27.807,294.18,68,100,1.39,ZW,1739127543
177,palmer,42.1584,-72.3287,273.99,65,100,1.79,US,1739127544
178,bluewater,34.1745,-114.2713,291.08,15,100,2.74,US,1739127545
179,katsuura,35.1333,140.3,277.75,44,94,5.09,JP,1739127546
180,grootfontein,-19.5667,18.1167,299.62,32,26,2.1,NA,1739127547
181,utrik,11.2278,169.8474,299.88,79,6,7.26,MH,1739127548
182,batu pahat,1.8548,102.9325,295.85,88,88,3.1,MY,1739127290
183,aasiaat,68.7098,-52.8699,255.31,93,100,5.33,GL,1739127551
184,novoagansk,61.9449,76.6625,272.07,96,100,5.08,RU,1739127552
185,oyon,-10.6681,-76.7731,282.94,64,100,1.26,PE,1739127553
186,greenland,43.0362,-70.8328,274.0,72,100,1.69,US,1739127554
187,saint-pierre,-21.3393,55.4781,299.97,78,0,7.72,RE,1739127555
188,alghero,40.5589,8.3181,285.35,87,20,2.06,IT,1739127556
189,utraula,27.3167,82.4167,286.07,40,0,1.87,IN,1739127559
190,najran,17.4924,44.1277,291.08,32,5,2.06,SA,1739127560
191,tongouson,5.0214,120.1328,300.92,78,85,2.9,PH,1739127561
192,laojunmiao,39.8333,97.7333,266.36,48,0,2.1,CN,1739127562
193,vila franca do campo,37.7167,-25.4333,289.38,91,100,9.73,PT,1739127563
194,sabang,5.8933,95.3214,301.73,69,100,8.97,ID,1739127564
195,fale old settlement,-9.3852,-171.2468,300.99,77,100,5.08,TK,1739127565
196,anadyr,64.75,177.4833,268.43,86,100,15.0,RU,1739127566
197,enriquillo,17.9,-71.2333,300.44,64,1,6.14,DO,1739127568
198,holualoa,19.6228,-155.9522,294.72,74,40,2.06,US,1739127569
199,juegang,32.3174,121.1855,270.82,45,61,1.89,CN,1739127570
200,bredasdorp,-34.5322,20.0403,291.45,56,63,4.21,ZA,1739127572
201,ribeira grande,38.5167,-28.7,287.47,77,75,6.17,PT,1739127574
202,pont rouge,48.8833,-72.0825,260.9,80,100,0.24,CA,1739127577
203,okhotsk,59.3833,143.3,250.68,74,0,8.69,RU,1739127578
204,kataba,8.4604,-0.7732,307.83,32,78,0.86,GH,1739127579
205,weno,7.4515,151.8468,299.12,89,100,3.6,FM,1739127581
206,mizhou,35.9947,119.3975,269.08,27,0,2.38,CN,1739127582
207,beyneu,45.3167,55.2,269.58,66,100,3.44,KZ,1739127584
208,bamyan,34.75,67.25,265.89,92,100,2.21,AF,1739127585
209,moranbah,-22.0016,148.0466,294.32,94,100,5.15,AU,1739127587
210,pallisa,1.145,33.7094,296.14,61,96,3.29,UG,1739127588
211,thompson,55.7435,-97.8558,254.24,65,75,4.12,CA,1739127589
212,huilong,31.8111,121.655,272.4,47,100,0.63,CN,1739127590
213,yonago,35.4333,133.3333,273.11,100,75,2.57,JP,1739127591
214,coahuayana de hidalgo,18.7,-103.6583,305.44,37,0,3.24,MX,1739127592
215,san clemente del tuyu,-36.3569,-56.7235,294.84,59,20,6.72,AR,1739127593
216,bambari,5.768,20.6757,303.28,18,20,0.94,CF,1739127595
217,tatsinskiy,48.1968,41.2756,262.53,96,64,3.13,RU,1739127596
218,quatre cocos,-20.2078,57.7625,300.21,75,7,0.88,MU,1739127313
219,udachny,66.4167,112.4,250.55,97,98,3.22,RU,1739127599
220,oulmes,33.4258,-6.0014,282.77,62,6,1.56,MA,1739127600
221,hobyo,5.3505,48.5268,297.68,82,99,3.9,SO,1739127601
222,tinghir,31.5157,-5.5343,286.11,23,0,2.08,MA,1739127602
223,ratnagiri,16.9833,73.3,298.21,64,30,1.89,IN,1739127605
224,porto novo,6.4965,2.6036,303.05,80,49,3.97,BJ,1739127606
225,nova sintra,14.8667,-24.7167,294.41,75,1,12.06,CV,1739127607
226,al ghayzah,16.2079,52.176,294.1,77,0,1.89,YE,1739127609
227,puerto ayora,-0.7393,-90.3518,300.12,90,100,1.79,EC,1739127610
228,tamale,9.4008,-0.8393,306.76,17,69,2.52,GH,1739127317
229,happy valley-goose bay,53.3168,-60.3315,257.32,55,75,3.6,CA,1739127613
230,markovo,57.3206,107.0881,259.38,97,100,1.86,RU,1739127614
231,jiuquan,39.7432,98.5174,268.26,56,6,1.32,CN,1739127615
232,turaif,31.6725,38.6637,281.29,42,40,2.06,SA,1739127617
233,nagqu,31.5,92.0,264.89,42,100,0.48,CN,1739127618
234,fruita,39.1589,-108.729,279.77,29,73,0.45,US,1739127603
235,mihail kogalniceanu,44.3667,28.45,269.42,80,75,3.13,RO,1739127620
236,kone,-21.0595,164.8658,296.74,98,100,1.19,NC,1739127621
237,new norfolk,-42.7826,147.0587,285.77,78,58,0.35,AU,1739127622
238,pagar alam,-4.0167,103.2667,293.67,99,100,0.44,ID,1739127624
239,betafo,-19.8333,46.85,291.21,92,46,0.32,MG,1739127625
240,o barco de valdeorras,42.4164,-6.9901,285.57,98,100,0.78,ES,1739127626
241,la passe,45.5549,-0.8967,279.6,91,100,5.15,FR,1739127627
242,guanica,17.9716,-66.908,304.54,68,9,6.96,PR,1739127628
243,padang,-0.9492,100.3543,299.18,84,100,2.14,ID,1739127629
244,plastun,44.7561,136.2939,260.11,68,100,3.36,RU,1739127630
245,waddan,29.1614,16.139,287.98,41,0,3.09,LY,1739127633
246,isafjordur,66.0755,-23.124,276.13,92,100,12.03,IS,1739127484
247,ashkelon,31.6693,34.5715,285.93,71,15,4.77,IL,1739127635
248,parabel',58.6978,81.4825,266.66,87,81,6.48,RU,1739127636
249,nikolayevsk-on-amure,53.1406,140.73,251.52,95,100,1.89,RU,1739127638
250,lompoc,34.6391,-120.4579,288.53,56,0,3.6,US,1739127639
251,undurkhaan,47.3194,110.6556,250.32,97,27,1.44,MN,1739127641
252,pinhal novo,38.6311,-8.9138,288.05,79,75,2.06,PT,1739127642
253,sogamoso,5.7143,-72.9339,291.52,70,94,0.95,CO,1739127643
254,cabo san lucas,22.8909,-109.9124,297.46,38,0,0.45,MX,1739127603
255,jayapura,-2.5333,140.7,296.81,93,100,2.49,ID,1739127645
256,dryden,49.7833,-92.7503,257.31,66,40,3.6,CA,1739127646
257,nemuro,43.3236,145.575,269.91,77,77,7.52,JP,1739127647
258,port augusta,-32.5,137.7667,294.79,49,0,3.03,AU,1739127648
259,inhambane,-23.865,35.3833,300.45,86,84,3.47,MZ,1739127650
260,huarmey,-10.0681,-78.1522,298.27,74,48,4.41,PE,1739127651
261,gadzhiyevo,69.2551,33.3362,270.0,83,87,11.1,RU,1739127652
262,dunedin,-45.8742,170.5036,285.26,91,100,0.45,NZ,1739127653
263,nacala,-14.5428,40.6728,299.54,85,97,2.42,MZ,1739127654
264,colonia menno,-22.3667,-59.8167,312.79,22,49,4.66,PY,1739127655
265,aydintepe,40.3894,40.1506,256.95,93,49,0.71,TR,1739127656
266,lebu,-37.6167,-73.65,293.02,49,9,8.58,CL,1739127657
267,gorele,41.0308,39.0031,277.91,86,100,2.36,TR,1739127657
268,suntar,62.1444,117.6319,241.52,98,98,2.09,RU,1739127660
269,pocatello,42.8713,-112.4455,272.49,63,96,4.47,US,1739127661
270,saint-philippe,-21.3585,55.7679,300.24,87,44,4.76,RE,1739127663
271,wenchang,30.904,118.4887,272.53,40,100,1.23,CN,1739127664
272,le portel,50.7056,1.5757,278.98,91,100,5.24,FR,1739127666
273,ad dabbah,18.05,30.95,294.36,15,74,5.07,SD,1739127667
274,northam,51.0333,-4.2167,279.71,81,100,3.13,GB,1739127668
275,marka,1.7159,44.7717,297.48,85,8,8.12,SO,1739127669
276,puerto baquerizo moreno,-0.9,-89.6,302.7,66,40,5.14,EC,1739127670
277,ouargla,31.9493,5.325,291.19,36,0,2.06,DZ,1739127671
278,conduaga,8.862,117.4893,297.64,93,100,2.05,PH,1739127674
279,hasaki,35.7333,140.8333,278.59,43,90,6.66,JP,1739127675
280,san patricio,28.017,-97.5169,300.33,56,0,5.37,US,1739127677
281,artigas,-30.4,-56.4667,315.67,11,0,4.24,UY,1739127679
282,harper,4.375,-7.7169,300.21,82,94,3.37,LR,1739127681
283,jangaon,17.7167,79.1833,296.02,33,9,1.29,IN,1739127683
284,touros,-5.1989,-35.4608,301.77,70,27,7.14,BR,1739127566
285,rozhdestvenskiy,43.8664,39.5839,274.77,83,63,1.53,RU,1739127686
286,puerto berrio,6.4916,-74.4033,305.02,53,100,1.32,CO,1739127688
287,remire-montjoly,4.9167,-52.2667,302.17,70,40,6.17,GF,1739127689
288,datong,40.0936,113.2914,262.22,60,0,0.94,CN,1739127690
289,severodvinsk,64.5635,39.8302,268.95,83,100,5.39,RU,1739127691
290,schotten,50.5,9.1333,273.6,90,87,0.98,DE,1739127693
291,coquimbo,-29.9533,-71.3436,296.0,62,20,6.17,CL,1739127468
292,sandnessjoen,66.0217,12.6316,278.38,93,75,4.63,NO,1739127696
293,hagere maryam,5.6333,38.2333,293.21,46,100,3.8,ET,1739127698
294,colon,9.3592,-79.9014,299.77,69,46,5.81,PA,1739127699
295,quellon,-43.1167,-73.6167,292.95,62,93,5.16,CL,1739127701
296,camiri,-20.05,-63.5167,297.03,83,75,0.0,BO,1739127702
297,mount gambier,-37.8333,140.7667,290.23,79,88,4.88,AU,1739127703
298,amalapuram,16.5833,82.0167,294.22,97,7,0.77,IN,1739127705
299,aykhal,66.0,111.5,247.36,100,100,3.41,RU,1739127706
300,rio cauto,20.5603,-76.9161,307.37,24,0,6.09,CU,1739127707
301,barra de santo antonio,-9.4047,-35.5072,300.85,68,100,4.89,BR,1739127686
302,tralee,52.2704,-9.7026,279.29,93,100,4.12,IE,1739127711
303,san rafael del yuma,18.4299,-68.6739,302.26,52,0,6.5,DO,1739127712
304,flin flon,54.7682,-101.865,253.06,71,100,3.6,CA,1739127713
305,mana,5.6592,-53.7767,301.09,65,99,4.26,GF,1739127714
306,port elizabeth,-33.918,25.5701,293.88,86,89,1.34,ZA,1739127653
307,callao,-12.0667,-77.15,300.31,65,0,6.17,PE,1739127716
308,vilyuysk,63.7553,121.6247,247.86,92,100,2.43,RU,1739127719
309,kalmunai,7.4167,81.8167,297.82,71,46,3.02,LK,1739127630
310,kanpur,26.4667,80.35,288.52,35,26,1.73,IN,1739127673
311,usogorsk,63.4106,48.6872,267.18,90,38,3.27,RU,1739127722
312,pueblo,38.2545,-104.6091,277.91,38,8,2.1,US,1739127513
313,konarka,19.9,86.1167,295.89,80,6,2.43,IN,1739127724
314,tofol,5.3248,163.0078,299.03,94,75,4.12,FM,1739127726
315,agropoli,40.3469,14.9966,282.99,80,87,1.41,IT,1739127727
316,extrema,-22.8547,-46.3183,298.61,65,78,2.52,BR,1739127630
317,sungailiat,-1.85,106.1333,298.55,86,100,4.63,ID,1739127729
318,yaren,-0.5472,166.916,299.25,75,2,5.96,NR,1739127730
319,villa gesell,-37.2639,-56.973,293.53,59,24,5.62,AR,1739127524
320,almeirim,-1.5233,-52.5817,298.5,93,86,1.35,BR,1739127674
321,jianguang,28.1938,115.7836,277.61,38,88,1.31,CN,1739127645
322,lepsy,46.235,78.9456,258.25,93,6,0.74,KZ,1739127736
323,horta,38.5333,-28.6333,287.05,81,75,6.17,PT,1739127737
324,severo-yeniseyskiy,60.3725,93.0408,264.17,95,100,4.15,RU,1739127738
325,antsiranana,-12.2787,49.2917,298.18,91,44,2.03,MG,1739127739
326,richards bay,-28.783,32.0377,298.11,68,100,6.23,ZA,1739127610
327,constantia,44.1833,28.65,269.65,72,81,6.23,RO,1739127741
328,semey,50.4111,80.2275,260.22,97,98,2.56,KZ,1739127743
329,korfez,40.7767,29.7297,274.73,81,90,3.24,TR,1739127744
330,hotan,37.0997,79.9269,272.26,47,9,0.77,CN,1739127745
331,uturoa,-16.7333,-151.4333,300.81,68,1,2.96,PF,1739127746
332,ghanzi,-21.5667,21.7833,301.48,34,64,1.96,BW,1739127748
333,brush,40.2589,-103.6238,276.72,35,0,2.57,US,1739127749
334,san antonio de pale,-1.4014,5.6325,301.08,78,100,2.38,GQ,1739127750
335,raduzhny,62.0961,77.475,268.79,97,100,3.75,RU,1739127751
336,kegen,43.0197,79.2203,261.53,83,98,2.05,KZ,1739127753
337,leava,-14.3,-178.1667,302.15,75,92,6.34,WF,1739127754
338,mukalla,14.5425,49.1242,295.42,79,48,1.53,YE,1739127532
339,camana,-16.6228,-72.7111,297.6,81,92,3.32,PE,1739127758
340,puerto armuelles,8.2833,-82.8667,301.53,58,100,1.34,PA,1739127760
341,murun-kuren,49.6342,100.1625,256.31,95,100,0.94,MN,1739127761
342,karratha,-20.7377,116.8463,308.1,43,97,0.73,AU,1739127762
343,ardakan,32.31,54.0175,275.24,65,35,3.76,IR,1739127763
344,knyaze-volkonskoye,48.4642,135.4567,258.34,97,100,1.48,RU,1739127764
345,kamina,-8.7386,24.9906,291.74,94,72,0.92,CD,1739127765
346,grand rapids,42.9634,-85.6681,269.88,65,100,4.02,US,1739127635
347,ferkessedougou,9.6,-5.2,304.22,13,14,1.85,CI,1739127737
348,kitimat,54.0524,-128.6534,266.87,78,23,1.53,CA,1739127769
349,petrovsk,52.3064,45.3917,260.93,91,5,3.41,RU,1739127770
350,kyzyl-suu,42.3414,78.0056,270.29,67,97,3.87,KG,1739127771
351,itoman,26.1247,127.6694,286.16,58,47,3.09,JP,1739127772
352,nizhniy kuranakh,58.8353,125.4869,236.65,99,24,0.6,RU,1739127773
353,west end,26.6833,-78.9667,296.98,79,0,2.01,BS,1739127632
354,charters towers,-20.1,146.2667,295.06,97,100,2.24,AU,1739127776
355,griffith,41.5284,-87.4237,272.12,58,40,2.57,US,1739127777
356,sur,22.5667,59.5289,295.05,76,100,2.31,OM,1739127778
357,lihue,21.9789,-159.3672,295.92,78,20,2.06,US,1739127779
358,freetown,8.484,-13.2299,299.25,75,5,3.65,SL,1739127780
359,barcelos,41.5388,-8.6151,285.68,97,100,0.82,PT,1739127781
360,manokwari,-0.8667,134.0833,299.48,76,100,3.8,ID,1739127782
361,malango,-2.9627,119.9001,291.71,96,100,1.56,ID,1739127783
362,enewetak,11.3474,162.3373,299.9,81,92,8.35,MH,1739127785
363,bayganin,48.6947,55.8742,263.02,83,4,6.0,KZ,1739127788
364,mabinay,9.7272,122.9017,296.47,95,59,2.34,PH,1739127789
365,asau,46.4333,26.4,266.6,82,2,1.18,RO,1739127790
366,divino das laranjeiras,-18.7778,-41.4797,301.19,60,100,3.49,BR,1739127792
367,viitasaari,63.0667,25.8667,271.18,84,99,4.66,FI,1739127793
368,puerto madryn,-42.7692,-65.0385,302.66,25,72,13.18,AR,1739127794
369,mitsamiouli,-11.3847,43.2844,300.61,77,44,2.02,KM,1739127795
370,kasongo-lunda,-6.4667,16.8167,298.11,76,100,0.42,CD,1739127796
371,hammerfest,70.6634,23.6821,275.4,80,75,13.89,NO,1739127798
372,codrington,-38.2667,141.9667,290.52,80,100,6.52,AU,1739127799
373,valparaiso,-33.0393,-71.6273,295.08,59,100,7.72,CL,1739127748
374,piriapolis,-34.8682,-55.2744,298.24,71,0,6.69,UY,1739127801
375,bay harbor,30.1471,-85.6146,298.74,81,40,3.58,US,1739127802
376,tanjung selor,2.8372,117.3642,296.75,99,100,0.49,ID,1739127803
377,ketchikan,55.3422,-131.6461,273.7,71,75,0.45,US,1739127804
378,kapa'a,22.0752,-159.319,296.33,94,20,2.06,US,1739127805
379,yung shue wan,22.2333,114.1167,286.9,72,14,0.45,HK,1739127807
380,fort bragg,35.139,-79.006,298.06,51,40,3.09,US,1739127753
381,saint-louis,16.3333,-15.0,302.93,13,100,4.01,SN,1739127809
382,mount pearl,47.5166,-52.7813,271.18,72,100,4.63,CA,1739127765
383,cassilandia,-19.1133,-51.7342,299.96,70,100,1.4,BR,1739127800
384,kariya,34.9833,136.9833,276.14,81,17,2.3,JP,1739127812
385,vorkuta,67.5,64.0,268.72,94,100,7.96,RU,1739127813
386,pervomayskoye,43.919,46.7102,269.4,68,99,1.81,RU,1739127814
387,fortaleza,-3.7227,-38.5247,303.22,70,20,7.2,BR,1739127772
388,kerikeri,-35.2268,173.9474,290.23,88,86,1.51,NZ,1739127817
389,zhangjiakou shi xuanhua qu,40.6103,115.0447,264.01,33,19,0.64,CN,1739127818
390,leninskoye,41.7589,69.3864,274.62,97,97,2.04,KZ,1739127819
391,tokmok,42.8417,75.3016,274.59,71,97,1.22,KG,1739127726
392,phan rang-thap cham,11.5667,108.9833,294.52,71,100,2.81,VN,1739127821
393,okha,53.5739,142.9478,255.52,92,63,5.67,RU,1739127822
394,trinidad,-14.8333,-64.9,298.14,94,75,2.57,BO,1739127823
395,jasper,37.2001,-94.3502,276.51,68,0,5.66,US,1739127575
396,kaspiyskiy,45.3929,47.3707,270.47,68,45,2.65,RU,1739127826
397,aitape,-3.1374,142.3475,298.38,89,100,1.41,PG,1739127827
398,pingliang,35.5392,106.6861,272.32,56,7,1.96,CN,1739127828
399,san jose del guaviare,2.5729,-72.6459,306.55,46,100,2.09,CO,1739127829
400,vallenar,-28.5708,-70.7581,300.7,27,7,5.64,CL,1739127830
401,dakhla,23.6848,-15.958,293.16,45,0,7.72,EH,1739127832
402,nagornyy,52.7959,83.5498,262.23,94,99,5.93,RU,1739127834
403,severnoye,56.3491,78.3619,265.6,95,49,3.65,RU,1739127835
404,ambatondrazaka,-17.8333,48.4167,293.94,92,26,1.18,MG,1739127836
405,whakatane,-37.9585,176.9854,293.99,85,100,1.34,NZ,1739127837
406,rio grande,-32.035,-52.0986,302.06,54,0,5.22,BR,1739127838
407,ancud,-41.8697,-73.8203,291.53,62,100,4.13,CL,1739127839
408,al qubbah,32.7616,22.2424,279.72,70,50,9.01,LY,1739127602
409,praia da vitoria,38.7333,-27.0667,289.29,82,75,11.69,PT,1739127842
410,de queen,34.0379,-94.3413,280.94,70,100,3.6,US,1739127843
411,bangar,16.8936,120.4243,296.63,71,12,1.11,PH,1739127844
412,molchanovo,57.5817,83.7692,266.41,92,100,4.9,RU,1739127845
413,pierre,44.3683,-100.351,269.66,50,0,5.66,US,1739127846
414,klaksvik,62.2266,-6.589,278.74,73,100,2.87,FO,1739127847
415,forster,-32.1667,152.5167,294.47,94,100,1.42,AU,1739127848
416,port saint john's,-31.6229,29.5448,295.61,85,100,4.49,ZA,1739127849
417,chimore,-16.9833,-65.1333,305.43,49,93,0.91,BO,1739127851
418,kenai,60.5544,-151.2583,266.56,85,14,3.5,US,1739127606
419,blythe,33.6103,-114.5964,293.4,11,0,5.14,US,1739127853
420,gazli,40.1333,63.45,273.08,65,100,4.93,UZ,1739127854
421,ta`u,-14.2336,-169.5144,301.51,76,81,7.27,AS,1739127855
422,timmins,48.4669,-81.3331,261.05,52,75,2.06,CA,1739127856
423,galesong,-5.3166,119.3661,298.98,87,100,4.94,ID,1739127858
424,beli,7.8587,10.9719,303.25,16,80,0.4,NG,1739127859
425,el bauga,18.262,33.9081,295.12,13,1,5.74,SD,1739127860
426,grajau,-5.8194,-46.1386,301.25,76,99,0.44,BR,1739127861
427,paita,-5.0892,-81.1144,300.0,69,100,6.37,PE,1739127862
428,mosjoen,65.836,13.1908,277.24,100,100,4.05,NO,1739127652
429,ushirombo,-3.4919,31.9639,293.27,80,68,0.73,TZ,1739127865
430,sikonge,-5.6333,32.7667,295.02,71,95,0.2,TZ,1739127706
431,fort st. john,56.2499,-120.8529,251.09,77,20,4.12,CA,1739127867
432,ingeniero jacobacci,-41.3427,-69.5448,304.48,10,100,8.15,AR,1739127868
433,alta,69.9689,23.2717,273.74,75,40,4.12,NO,1739127869
434,ishigaki,24.3448,124.1572,287.22,62,100,3.09,JP,1739127873
435,almunecar,36.7339,-3.6907,287.42,87,58,1.55,ES,1739127689
436,colonia,50.9333,6.95,277.57,85,0,0.51,DE,1739127666
437,adh dhibiyah,24.5014,45.9686,285.93,33,3,4.03,SA,1739127879
438,woolgoolga,-30.1106,153.2007,296.08,77,6,2.91,AU,1739127880
439,lockwood,45.8191,-108.4149,266.03,73,40,3.09,US,1739127881
440,huai'an,33.5886,119.0192,271.24,24,100,2.25,CN,1739127882
441,tazovsky,67.4667,78.7,266.23,96,100,3.63,RU,1739127883
442,bonny,4.4522,7.1681,301.36,81,63,5.95,NG,1739127884
443,barah,13.7,30.3667,295.4,16,6,4.98,SD,1739127885
444,harstad,68.799,16.5293,275.46,90,76,1.79,NO,1739127886
445,tual,-5.6667,132.75,301.85,82,100,9.33,ID,1739127888
446,tamanrasset,22.785,5.5228,293.1,18,0,1.54,DZ,1739127737
447,tazacorte,28.629,-17.9293,290.69,88,20,1.34,ES,1739127890
448,lindi,-10.0,39.7167,296.94,91,100,0.36,TZ,1739127891
449,marshall,34.3834,-86.3333,288.36,70,100,2.68,US,1739127892
450,richmond,37.5538,-77.4603,286.47,61,75,4.63,US,1739127269
451,gulf breeze,30.3571,-87.1639,299.32,82,75,6.17,US,1739127894
452,mbaiki,3.8678,17.9892,299.51,51,80,1.34,CF,1739127897
453,rantauprapat,2.1,99.8333,296.04,96,99,0.87,ID,1739127899
454,tyukhtet,56.5389,89.3011,261.86,92,100,6.92,RU,1739127900
455,mayahi,13.9553,7.6712,299.12,14,2,5.09,NE,1739127901
456,cileungsir,-6.3947,106.9592,299.49,89,40,1.54,ID,1739127902
457,kalabo,-14.97,22.6814,297.87,66,92,0.56,ZM,1739127904
458,lospalos,-8.5186,127.0025,296.57,88,100,7.73,TL,1739127905
459,ouarzazat,30.9189,-6.8934,291.31,12,0,1.54,MA,1739127906
460,escanaba,45.7453,-87.0646,265.51,62,75,4.63,US,1739127903
461,afaahiti,-17.75,-149.2833,299.27,74,7,2.96,PF,1739127909
462,samokov,42.3333,23.55,266.74,76,5,1.39,BG,1739127910
463,shilong,23.1123,113.8425,285.0,59,6,2.13,CN,1739127911
464,karaidel',55.8337,56.9069,259.76,100,100,0.96,RU,1739127912
465,san luis de la loma,17.2706,-100.8939,303.74,42,0,3.48,MX,1739127913
466,salair,54.2312,85.7972,259.37,93,100,5.34,RU,1739127914
467,abalak,58.1286,68.5944,268.18,95,100,3.75,RU,1739127681
468,kruisfontein,-34.0033,24.7314,291.95,65,100,2.91,ZA,1739127916
469,mountain home,43.133,-115.6912,273.86,66,100,1.54,US,1739127918
470,yolbasi,37.3889,41.3171,275.79,84,99,4.69,TR,1739127919
471,ciudad lazaro cardenas,17.9583,-102.2,303.03,44,0,5.02,MX,1739127920
472,urangan,-25.3,152.9,298.4,73,0,6.04,AU,1739127921
473,bodaybo,57.8506,114.1933,236.46,98,78,1.14,RU,1739127922
474,al muwayh,22.4333,41.7583,290.68,20,0,4.46,SA,1739127923
475,al wakrah,24.85,51.3333,287.28,66,100,4.97,QA,1739127925
476,badou,7.5833,0.6,301.91,55,57,1.28,TG,1739127926
477,pontes e lacerda,-15.2261,-59.3353,297.97,88,100,1.88,BR,1739127676
478,santa ana,33.7456,-117.8678,293.59,57,75,1.54,US,1739127742
479,usinsk,65.9939,57.5281,264.26,95,63,6.34,RU,1739127930
480,prado,-17.3411,-39.2208,300.87,66,100,3.66,BR,1739127652
481,old town,50.087,14.4202,276.01,75,0,2.57,CZ,1739127932
482,vila velha,-20.3297,-40.2925,303.12,66,20,5.14,BR,1739127933
483,al hayy,32.1735,46.0433,283.65,51,99,2.58,IQ,1739127934
484,lyndon,38.2567,-85.6016,276.93,63,75,2.57,US,1739127936
485,awjilah,29.1081,21.2869,286.15,55,0,3.12,LY,1739127937
486,garh maharaja,30.8339,71.9053,289.02,21,11,1.51,PK,1739127938
487,anloga,5.7947,0.8973,301.08,82,13,4.18,GH,1739127939
488,nova vicosa,-17.8919,-39.3719,301.09,67,100,3.71,BR,1739127940
489,ulsteinvik,62.3432,5.8487,278.22,72,46,4.56,NO,1739127942
490,carloforte,39.145,8.3058,285.84,80,10,5.85,IT,1739128221
491,roma,43.2128,-75.4557,271.86,89,100,3.13,US,1739128223
492,timbuktu,16.7735,-3.0074,302.98,13,100,3.6,ML,1739128224
493,iskateley,67.6803,53.1512,266.5,92,99,7.62,RU,1739128225
494,rondonopolis,-16.4708,-54.6356,305.61,49,51,0.6,BR,1739128061
495,springbok,-29.6643,17.8865,293.65,37,0,2.18,ZA,1739128227
496,eureka,40.8021,-124.1637,282.49,78,0,1.34,US,1739128229
497,alofi,-19.0595,-169.9187,299.09,94,100,2.06,NU,1739128230
498,milngavie,55.9407,-4.3231,278.66,86,20,6.17,GB,1739128231
499,fada,7.25,4.0667,302.58,65,69,2.54,NG,1739128233
500,messaad,34.1543,3.5031,284.96,49,0,4.3,DZ,1739128216
501,chernyshevskiy,63.0128,112.4714,252.64,99,100,1.41,RU,1739128235
502,namibe,-15.1961,12.1522,296.97,82,82,3.59,AO,1739128236
503,kristiansund,63.1115,7.732,278.78,70,75,5.14,NO,1739128238
504,ruston,32.5232,-92.6379,287.05,67,100,2.57,US,1739128239
505,dalandzadgad,43.5708,104.425,260.06,58,0,3.66,MN,1739128095
506,gembu,6.7,11.2667,295.02,25,95,2.28,NG,1739128242
507,olyokminsk,60.3736,120.4264,235.01,100,83,0.64,RU,1739128243
508,al bawiti,28.3492,28.8659,285.68,48,46,2.89,EG,1739128244
509,oamaru,-45.0784,170.9801,284.47,92,100,1.83,NZ,1739128245
510,xichang,27.8964,102.2634,278.72,69,0,1.78,CN,1739128246
511,waimea,20.0231,-155.6717,291.78,100,7,1.44,US,1739128247
512,shihezi,44.3,86.0333,257.36,94,21,2.15,CN,1739128249
513,abepura,-2.6333,140.5833,296.6,100,20,1.54,ID,1739128250
514,acarau,-2.8856,-40.12,301.73,70,100,6.96,BR,1739128031
515,saint-felix-de-valois,46.1668,-73.4324,268.73,69,100,2.4,CA,1739128252
516,sibolga,1.7427,98.7792,297.2,88,100,1.85,ID,1739128068
517,havre,49.5833,0.3333,276.02,93,0,3.09,FR,1739128255
518,ambodifotatra,-16.9833,49.85,301.54,75,25,1.86,MG,1739128257
519,maumere,-8.6199,122.2111,299.48,88,100,5.46,ID,1739128258
520,swakopmund,-22.6833,14.5333,291.78,80,49,3.8,NA,1739128259
521,port macquarie,-31.4333,152.9167,294.86,91,100,0.89,AU,1739128260
522,cam pha mines,21.0167,107.3,285.54,64,33,2.16,VN,1739128261
523,antalaha,-14.9003,50.2788,299.78,87,100,3.86,MG,1739128091
524,ukwa,21.9667,80.4667,290.2,26,0,0.86,IN,1739128036
525,tosontsengel,48.7567,98.2839,257.1,98,100,1.15,MN,1739128264
526,refahiye,39.9008,38.7667,259.41,93,46,1.06,TR,1739128266
527,el granada,37.5027,-122.4694,285.94,53,0,3.09,US,1739128268
528,puerto santa,-8.9906,-78.6456,298.19,73,25,4.4,PE,1739128269
529,al fulah,11.7329,28.3579,297.59,14,51,4.63,SD,1739128270
530,bangassou,4.7413,22.8184,299.26,31,100,0.86,CF,1739128271
531,tianchang,37.9981,114.0156,268.84,26,0,1.24,CN,1739128272
532,magadan,59.5667,150.8,246.04,85,0,3.59,RU,1739128274
533,borgo,46.0514,11.4544,281.62,86,100,0.25,IT,1739128069
534,crane,31.3974,-102.3501,287.22,52,75,4.5,US,1739128277
535,karmaskaly,54.3709,56.1837,262.1,99,38,0.44,RU,1739128278
536,taoudenni,22.6783,-3.9836,293.29,11,0,4.92,ML,1739128279
537,takoradi,4.8845,-1.7554,300.59,81,12,3.76,GH,1739128281
538,masuguru,-11.3667,38.4167,298.22,78,100,1.69,TZ,1739128282
539,ain arnat,36.1868,5.3135,278.06,66,0,2.73,DZ,1739128284
540,nicoya,10.1483,-85.452,308.04,33,0,5.33,CR,1739128285
541,berezovyy,51.6667,135.7,258.34,85,100,2.07,RU,1739128286
542,timimoun,29.2639,0.231,290.85,20,0,4.69,DZ,1739128287
543,rumonge,-3.9736,29.4386,295.78,84,11,2.25,BI,1739128288
544,yerofey pavlovich,53.9667,121.9667,244.93,98,97,1.2,RU,1739128289
545,macapa,0.0389,-51.0664,298.14,94,100,3.09,BR,1739128162
546,conception bay south,47.4999,-52.9981,271.51,74,100,4.16,CA,1739128292
547,pucon,-39.2822,-71.9543,302.42,22,9,1.27,CL,1739128293
548,prince george,53.9166,-122.753,256.09,91,100,0.93,CA,1739128294
549,malvan,16.0667,73.4667,298.35,68,26,2.28,IN,1739128295
550,tadine,-21.55,167.8833,295.94,91,100,5.81,NC,1739128296
551,roxas,11.5853,122.7511,298.47,90,100,6.84,PH,1739128297
552,broome,42.2506,-75.833,272.94,83,100,2.24,US,1739128298
553,presidente epitacio,-21.7633,-52.1156,307.51,37,12,3.67,BR,1739128299
554,muravlenko,63.7898,74.523,270.0,96,100,5.92,RU,1739128301
555,al hufuf,25.3646,49.5653,286.34,67,0,1.03,SA,1739128302
556,tanda,26.55,82.65,287.36,33,0,2.64,IN,1739128303
557,tegueste,28.5167,-16.3167,287.68,79,0,2.57,ES,1739128304
558,newman,37.3138,-121.0208,284.28,44,5,5.81,US,1739128305
559,nosy varika,-20.5833,48.5333,299.39,83,100,0.56,MG,1739128048
560,suda,59.1525,37.5582,265.36,98,57,1.14,RU,1739128311
561,saraktash,51.7866,51.7866,261.13,85,5,3.47,RU,1739128153
562,plettenberg bay,-34.0527,23.3716,291.87,71,100,2.3,ZA,1739128313
563,phan thiet,10.9333,108.1,294.94,74,100,0.56,VN,1739128315
564,narayangarh,30.4833,77.1333,288.63,26,1,1.32,IN,1739128317
565,malanje,-9.5402,16.341,292.86,89,88,1.59,AO,1739128267
566,suva,-18.1416,178.4415,297.86,100,40,1.54,FJ,1739128320
567,sao jose da coroa grande,-8.8978,-35.1478,300.8,69,100,4.47,BR,1739128176
568,enkoping,59.6361,17.0777,270.83,91,8,2.07,SE,1739128322
569,igbo-ora,7.4333,3.2833,304.51,54,100,4.93,NG,1739128323
570,acaponeta,22.4964,-105.3594,308.13,15,3,2.19,MX,1739128324
571,buala,-8.145,159.5921,300.14,81,100,3.15,SB,1739128326
572,yur'yevets,57.3201,43.1041,265.41,96,27,0.88,RU,1739128327
573,puerto deseado,-47.7503,-65.8938,292.16,40,100,7.47,AR,1739128328
574,chajul,15.4853,-91.0342,291.64,69,100,2.73,GT,1739128329
575,bahraigh,27.5833,81.6,287.15,40,1,2.81,IN,1739128330
576,gisborne,-38.6533,178.0042,288.71,84,89,1.22,NZ,1739128332
577,alice springs,-23.7,133.8833,298.9,36,40,0.0,AU,1739128333
578,kidal,18.4411,1.4078,302.61,17,81,2.57,ML,1739128334
579,nanga eboko,4.6833,12.3667,300.25,41,100,1.4,CM,1739128335
